image_id,filename,wall_visible,room,direction,gt_mm,gt_adj_mm,f_wide,D_wide_mm,D_corr_mm,ER,error_wide_mm,error_corr_mm,error_wide_pct,error_corr_pct,status,note
001,올림픽파크포레온_202동27층_방1.png,both_clear,작은침실(좌),좌우,3000,2840,432.3,3533,3528,1.0015,693,688,24.4,24.2,ok,벽중심선 기준
002,올림픽파크포레온_202동27층_방2.png,both_clear,작은침실(우),좌우,2700,2540,467.4,2792,2792,1.0,252,252,9.9,9.9,ok,벽중심선 기준
003,올림픽파크포레온_116동고층_거실.png,both_clear,거실,좌우,4500,4340,436.0,5150,5161,0.9978,810,821,18.7,18.9,ok,벽중심선 기준
004,올림픽파크포레온_116동고층_큰침실.png,both_clear,안방,좌우,3600,3440,451.0,4457,4445,1.0027,1017,1005,29.6,29.2,ok,발코니유리 주의
005,올림픽파크포레온_321동고층_62_24__39_95__거실1방향.png,one_unclear,거실,앞뒤,3100,2940,427.8,2293,2295,0.9993,647,645,22.0,21.9,ok,벽 끝에만 보임
006,올림픽파크포레온_321동고층_62_24__39_95__거실2방향.png,one_unclear,거실,앞뒤,3100,2940,454.2,2247,2240,1.0029,693,700,23.6,23.8,ok,거실1과 유사
007,올림픽파크포레온_321동고층_62_24__39_95__거실3방향.png,one_unclear,거실,앞뒤,3100,2940,401.3,2105,2121,0.9925,835,819,28.4,27.9,ok,거실1과 유사
008,올림픽파크포레온_424동고층_거실.png,one_unclear,거실,좌우,4500,4340,398.0,4823,4830,0.9986,483,490,11.1,11.3,ok,"코너 촬영, 주방+냉장고 가림"
009,올림픽파크포레온_424동고층_큰침실.png,both_clear,안방,좌우,3600,3440,415.8,4122,4160,0.9907,682,720,19.8,20.9,ok,발코니유리 앞뒤방향
010,올림픽파크포레온_411동고층_거실1방향.png,both_clear,거실,좌우,5400,5240,452.2,4301,4292,1.0021,939,948,17.9,18.1,ok,"창문 정면, 우측 대리석 벽"
011,올림픽파크포레온_411동고층_거실2방향.png,both_clear,거실,좌우,5400,5240,384.6,3649,3660,0.9969,1591,1580,30.4,30.2,ok,"복도 방향, 좌측 대리석 벽"
012,올림픽파크포레온_420동고층_85_28__59_99__화장실방.png,both_clear,침실(발코니),좌우,3300,3140,446.1,4554,49,91.7332,1414,3091,45.0,98.4,ok,발코니문 정면
013,올림픽파크포레온_420동고층_85_28__59_99__거실.png,both_clear,거실,좌우,4000,3840,603.0,3800,3792,1.0023,40,48,1.0,1.2,ok,좌측 패널 벽
014,올림픽파크포레온_420동고층_85_28__59_99__2700작은침실.png,both_clear,작은침실,좌우,2700,2540,441.9,78,26,2.9143,2462,2514,96.9,99.0,ok,"좌측 창문, 좁은 방"
015,올림픽파크포레온_201동고층__62_24__39_95__거실1방향.png,both_clear,거실,좌우,3100,2940,424.7,3351,3322,1.0089,411,382,14.0,13.0,ok,"복도 방향, 우측 패널 벽"
016,올림픽파크포레온_201동고층__62_24__39_95__거실2방향.png,both_clear,거실,좌우,3100,2940,389.2,3571,3531,1.0114,631,591,21.5,20.1,ok,"발코니 방향, 좌측 패널 벽"
017,올림픽파크포레온_201동고층__62_24__39_95__왼쪽큰침실.png,both_clear,침실(좌),앞뒤,2700,2540,369.3,2893,2787,1.0381,353,247,13.9,9.7,ok,빌트인 붙박이장 열린 상태
018,올림픽파크포레온_411동고층_거실.png,both_clear,거실,좌우,5400,5240,392.9,,,,,,,,ransac_fail,소파·TV장·크리스마스트리
019,올림픽파크포레온_320동중층_62_39__39_98__거실.png,one_unclear,거실,좌우,3000,2840,383.4,3447,3448,0.9997,607,608,21.4,21.4,ok,"코너 촬영, 우측 흰 벽"
020,올림픽파크포레온_407동중층_113_45__84_98__거실.png,both_clear,거실,좌우,4500,4340,755.6,4381,4412,0.9929,41,72,0.9,1.7,ok,"창문 정면, 좌측 패널 벽"
021,올림픽파크포레온_411동고층_다른이미지__165_46__134_98__거실1방향.png,both_clear,거실,좌우,5400,5240,695.1,4442,4418,1.0053,798,822,15.2,15.7,ok,"창문 정면, 좌측 대리석 벽, 공사자재"
022,올림픽파크포레온_411동고층_다른이미지__165_46__134_98__거실1방향확대.png,both_clear,거실,좌우,5400,5240,796.6,5429,5533,0.9813,189,293,3.6,5.6,ok,021 확대샷
023,올림픽파크포레온_411동고층_다른이미지__165_46__134_98__거실2방향.png,both_clear,거실,좌우,5400,5240,622.8,5162,5205,0.9916,78,35,1.5,0.7,ok,"주방 방향, 우측 대리석 벽"
024,올림픽파크포레온_411동고층_다른이미지__165_46__134_98__큰침실.png,both_clear,안방,좌우,4200,4040,576.1,4416,4468,0.9882,376,428,9.3,10.6,ok,발코니 슬라이딩 도어 정면
025,올림픽파크포레온_121동고층_125_41__95_97__거실1방향.png,both_clear,거실,좌우,4800,4640,406.4,4259,4392,0.9698,381,248,8.2,5.3,ok,"주방 방향, 좌측 대리석 벽"
026,올림픽파크포레온_121동고층_125_41__95_97__거실2방향.png,both_clear,거실,좌우,4800,4640,362.7,4773,4803,0.9937,133,163,2.9,3.5,ok,"창문 방향, 우측 대리석 벽"
027,개포자이프레지던스_422동중층_110_79__84_75__거실.png,both_clear,거실,좌우,4500,4340,882.5,4259,4250,1.0022,81,90,1.9,2.1,ok,"창문 정면, 양쪽 흰 벽"
028,개포자이프레지던스_422동중층_110_79__84_75__큰침실.png,one_unclear,안방,좌우,3600,3440,802.9,85,92,0.918,3355,3348,97.5,97.3,ok,드레스룸·파우더룸 입구 방향
029,개포자이프레지던스_408동저층_110_79__84_75__거실1방향.png,both_clear,거실,좌우,4500,4340,600.0,4353,4375,0.9948,13,35,0.3,0.8,ok,"창문 정면, 좌측 패널 벽"
030,개포자이프레지던스_408동저층_110_79__84_75__거실2방향.png,one_unclear,거실,좌우,4500,4340,382.7,178,190,0.9396,4162,4150,95.9,95.6,ok,"코너 촬영, 좌측 벽 잘림"
031,개포자이프레지던스_422동25층_150_21__114_18__거실.jpg,both_clear,거실,좌우,5300,5140,482.8,67,69,0.969,5073,5071,98.7,98.7,ok,"창문 정면, 양쪽 패널 벽"
032,개포자이프레지던스_419동고층_171_3__132_81__거실.png,one_unclear,거실,좌우,5100,4940,492.2,5010,5008,1.0003,70,68,1.4,1.4,ok,"광각 왜곡, 좌측 패널 벽"
033,개포자이프레지던스_419동18층_171_3__132_81__거실1방향.png,one_unclear,거실,좌우,5100,4940,499.0,1270,1255,1.0119,3670,3685,74.3,74.6,ok,"코너 촬영, 좌측 벽 잘림"
034,개포자이프레지던스_419동18층_171_3__132_81__거실2방향.png,both_clear,거실,좌우,5100,4940,530.2,,3917,,,,,,ransac_fail,"좌측 패널 벽, 우측 창문"
035,래미안원베일리_115동31층_113_76__84_93__거실1방향_4500.jpg,both_clear,거실,좌우,4500,4340,289.3,4568,4621,0.9885,228,281,5.3,6.5,ok,"창문 우측, 좌측 패널 벽"
036,래미안원베일리_115동31층_113_76__84_93__거실2_4500.jpg,one_unclear,거실,좌우,4500,4340,299.2,4345,4354,0.998,5,14,0.1,0.3,ok,"주방 방향, 좌측 벽 끝 불명확"
037,래미안원베일리_115동31층_113_76__84_93__큰침실_3600.jpg,one_unclear,안방,앞뒤,3600,3440,451.0,3856,3828,1.0072,416,388,12.1,11.3,ok,우측 복도 방향 열려있음
038,래미안원베일리_107동8층_80_38__59_96__거실1방향_3600.jpg,both_clear,거실,좌우,3600,3440,356.5,3998,4115,0.9716,558,675,16.2,19.6,ok,"주방 방향, 빌트인 아일랜드"
039,래미안원베일리_107동8층_80_38__59_96__거실2방향_3600.jpg,one_unclear,거실,좌우,3600,3440,364.9,4465,4610,0.9686,1025,1170,29.8,34.0,ok,"창문 정면, 우측 아일랜드 가림"
040,래미안원베일리_103동12층_154_87__116_95__거실_5000.jpg,one_unclear,거실,좌우,5000,4840,319.5,5403,5780,0.9349,563,940,11.6,19.4,ok,"코너 촬영, 좌측 아일랜드 가림"
041,래미안원베일리_103동12층_154_87__116_95__발코니쪽방_2700.jpg,both_clear,침실(발코니),좌우,2700,2540,300.2,2606,2666,0.9776,66,126,2.6,5.0,ok,"창문 정면, 양쪽 벽 명확"
042,래미안원베일리_103동12층_154_87__116_95__입구방시점1_3300.jpg,one_unclear,침실(입구),앞뒤,3300,3140,386.0,3630,3758,0.9659,490,618,15.6,19.7,ok,붙박이장 벽면 차지
043,래미안원베일리_103동12층_154_87__116_95__입구방시점2_3300.jpg,one_unclear,침실(입구),좌우,3300,3140,352.6,1495,1598,0.9359,1645,1542,52.4,49.1,ok,좌측 벽 잘림
044,래미안원베일리_115동24층_112_85__84_95__작은방1시점_2800.jpg,one_unclear,침실(작은),앞뒤,2800,2640,424.5,3397,3403,0.9983,757,763,28.7,28.9,ok,"붙박이장 정면, 우측 문 열림"
045,래미안원베일리_115동24층_112_85__84_95__작은방2시점_2800.jpg,one_unclear,침실(작은),좌우,2800,2640,457.4,2689,2688,1.0003,49,48,1.9,1.8,ok,"좌측 코너 창문, 좌측 벽 잘림"
046,래미안원베일리_115동24층_112_85__84_95__큰침실_3600.jpg,both_clear,안방,좌우,3600,3440,467.9,3830,3805,1.0063,390,365,11.3,10.6,ok,"정면 문 두 개, 양쪽 벽 명확"
047,올림픽파크포레온_312동중층_112_69__84_99__2700작은방2방향.png,both_clear,침실(작은),앞뒤,2700,2540,616.9,3041,3014,1.0087,501,474,19.7,18.7,ok,"붙박이장 정면, 양쪽 벽 명확"
048,올림픽파크포레온_312동중층_112_69__84_99__3000작은방.png,both_clear,침실(작은),앞뒤,3000,2840,545.7,3837,3938,0.9744,997,1098,35.1,38.7,ok,"붙박이장 정면, 양쪽 벽 명확"
049,올림픽파크포레온_312동중층_112_69__84_99__큰침실1방향.png,one_unclear,안방,좌우,3600,3440,564.1,4008,4040,0.992,568,600,16.5,17.4,ok,"발코니 도어 우측, 우측 벽 잘림"
050,올림픽파크포레온_312동중층_112_69__84_99__큰침실2방향.png,both_clear,안방,좌우,3600,3440,811.4,3299,3271,1.0086,141,169,4.1,4.9,ok,"문 방향, 양쪽 벽 명확"
051,올림픽파크포레온_321동고층__62_24__39_95__거실.png,one_unclear,거실,좌우,3100,2940,410.9,844,825,1.024,2096,2115,71.3,71.9,ok,"코너 촬영, 우측 빌트인장+주방 가림"
052,올림픽파크포레온_321동고층__62_24__39_95__큰침실.png,one_unclear,안방,앞뒤,2700,2540,389.3,2606,2647,0.9847,66,107,2.6,4.2,ok,"코너 촬영, 좌측 창문벽 잘림"
053,올림픽파크포레온_417동중층_112_98__84_99__2700작은방.png,both_clear,침실(작은),좌우,2700,2540,402.9,2844,2848,0.9985,304,308,12.0,12.1,ok,"창문 정면 중앙, 양쪽 벽 명확"
054,올림픽파크포레온_417동중층_112_98__84_99__거실.png,both_clear,거실,좌우,4500,4340,986.7,4993,4947,1.0093,653,607,15.0,14.0,ok,"창문 정면, 좌측 흰·우측 패널 벽"
055,올림픽파크포레온_417동중층_112_98__84_99__알파룸방향1.png,one_unclear,알파룸,좌우,2100,1940,361.3,2495,2482,1.0053,555,542,28.6,27.9,ok,좌측 벽 잘림
056,올림픽파크포레온_417동중층_112_98__84_99__알파룸방향2.png,both_clear,알파룸,좌우,2100,1940,439.1,2388,2386,1.001,448,446,23.1,23.0,ok,"창문 정면 중앙, 양쪽 벽 명확"
057,올림픽파크포레온_310동저층_112_69__84_99__3000침실.png,one_unclear,침실,앞뒤,3000,2840,375.9,3082,3005,1.0256,242,165,8.5,5.8,ok,붙박이장 열린 상태
058,올림픽파크포레온_310동저층_112_69__84_99__부엌.png,one_unclear,주방,앞뒤,3000,2840,629.8,1767,1787,0.9888,1073,1053,37.8,37.1,ok,"아일랜드+상부장 전경 차지, 벽 가림 심함"
059,올림픽파크포레온_210동고층__112_69__84_99__2700작은침실.png,both_clear,침실(작은),좌우,2700,2540,467.9,2782,2828,0.9837,242,288,9.5,11.3,ok,"창문 정면, 양쪽 벽 명확"
060,올림픽파크포레온_210동고층__112_69__84_99__거실1방향.png,one_unclear,거실,좌우,4200,4040,638.6,1408,1472,0.9564,2632,2568,65.1,63.6,ok,이모지로 중앙 가려짐
061,올림픽파크포레온_210동고층__112_69__84_99__거실2방향.png,one_unclear,거실,좌우,4650,4490,687.5,5524,5553,0.9948,1034,1063,23.0,23.7,ok,좌측 냉장고 비닐 차지
062,올림픽파크포레온_210동고층__112_69__84_99__거실3방향.png,both_clear,거실,좌우,4200,4040,476.0,4259,4309,0.9884,219,269,5.4,6.7,ok,"창문 정면, 양쪽 벽 명확"
063,올림픽파크포레온_210동고층__112_69__84_99__발코니창고1600.png,both_clear,발코니창고,앞뒤,1600,1440,540.1,234,238,0.9864,1206,1202,83.8,83.5,ok,"수전+선반, 매우 좁은 특수공간"
